<?xml version="1.0" encoding="UTF-8"?>
    <addon id="repository.proximSupp" name="proximSupp" version="0.0.9" provider-name="proximSupp">
        <extension point="xbmc.addon.repository" name="proximSupp">
            <dir>
                <info compressed="false">https://raw.githubusercontent.com/Gujal00/smrzips/master/addons.xml</info>
                <checksum>https://raw.githubusercontent.com/Gujal00/smrzips/master/addons.xml.md5</checksum>
                <datadir zip="true">https://raw.githubusercontent.com/Gujal00/smrzips/master/zips/</datadir>
            </dir>
            <dir>
                <info compressed="false">https://raw.githubusercontent.com/Proximus20001/mb-support/master/zips/addons.xml</info>
                <checksum>https://raw.githubusercontent.com/Proximus20001/mb-support/master/zips/addons.xml.md5</checksum>
                <datadir zip="true">https://raw.githubusercontent.com/Proximus20001/mb-support/master/zips</datadir>
            </dir>
        </extension>
        <extension point="xbmc.addon.metadata">
            <summary>...</summary>
            <description>...</description>
            <platform>all</platform>
    </extension>
</addon>
